{"data":{"dataValues":{"Binance":[null,null,null,null,null,null,null,null,null,null,null,null,null,null,null,null,null,null,null,null,null,null,null,null,null,null,null,null,null,null,null,null,null,null,null,null,null,null,null,null,null,null,null,null,null,null,null,null,null,null,null,null,null,null,null,null,null,null,null,null,null,null,null,null,null,null,null,null,null,null,null,null,null,null,null,null,null,null,null,null,null,null,null,null,null,null,null,null,null,null,null,null,null,null,null,null,null,null,null,null,null,null,null,null,null,null,null,null,null,null,null,null,null,null,null,null,null,null,null,null,null],"Bitfinex":[726053.33,724022.81,723152.59,722572.45,714160.32,713580.18,725852.01,722083.61,718605.08,711358.16,715970.3,708159.72,729940.23,739644.85,755620.3,751456.97,754066.19,748397.81,734611.56,749860.98,751327.27,749718.69,749132.52,749700.46,749407.73,748822.25,738391.96,734981.72,750768.92,749014.79,746675.94,745565.03,727292.42,710519.0,720984.91,727380.75,711681.88,690240.79,681412.88,680824.44,687427.81,672545.22,658640.03,663120.58,664912.8,660730.95,665211.5,664912.8,661029.66,664912.8,659834.85,660730.95,656582.08,663153.88,660764.13,660465.42,655984.65,651503.88,661959.01,670920.55,667256.06,657653.65,655553.48,626466.95,623288.76,627305.14,620944.25,620338.45,625790.64,625487.74,617674.74,620695.16,618278.82,618580.87,617070.66,617674.74,616768.62,625221.02,616691.24,596763.72,567357.77,548123.17,549822.45,528729.24,548683.98,510733.14,488901.88,480152.68,450766.83,450766.83,447003.57,433695.33,443495.96,430911.65,385231.15,384086.56,380831.59,379682.78,381291.7,379372.77,381094.47,371629.62,376529.53,375187.52,373756.25,376989.77,398749.05,396472.8,400389.05,398154.51,407989.85,408398.66,407581.05,403492.97,408680.66,406001.05,416090.5,412560.79,419301.73,422448.01,422237.73],"Bitget":[156445457.3441471,156807038.67614207,151639666.0404067,136239278.56401968,128835711.20256668,129968784.16408089,131527283.17260632,129404351.92765902,128191474.48460448,127636974.73412268,124633974.84278053,124829829.89295585,130969209.55671525,132864693.59861393,134882492.6799577,137478118.08037898,137068436.5669271,134427057.58110788,137497983.44463754,146591488.10236403,140325494.85057464,144332000.57566065,145977677.76864845,148041679.81507748,149386181.1851115,149268026.16395482,147896716.83178777,150277762.1357532,152452819.40599725,157211463.52600873,157098137.19968975,157627403.22309035,154080015.28329155,152393012.73864996,154765986.77046028,153252231.19247955,149821013.7075774,152024065.35889786,150734295.33361083,148744376.6289964,145821407.48598647,147798565.25084877,146814367.25863156,144879309.01439312,144620694.83498868,147101863.8562357,151457829.26252207,155179857.71320784,157048777.69790137,161710406.06636637,159622098.54481325,162994566.983206,161744922.5977827,163305223.36825278,162827145.6819632,161012612.83866665,159005902.58352655,156314059.5920238,157048082.46201998,155409910.95758966,151564701.0495772,149948373.42694554,137010300.202083,136479587.74851933,135199614.50782007,136516585.70837042,135161457.51592395,134570646.5339758,138365900.0629236,133608657.7160442,131398740.86975573,130508861.88841532,130599751.75192298,130823613.97807883,129835539.5019964,127338029.28195235,127349118.1565349,124684131.69533113,123867237.95482865,123478143.40605149,123847420.6218061,122860093.82279934,126947972.25119442,126769299.7476778,126825370.4920822,124774433.79408774,128122424.12339343,126696699.90798178,123216859.0043927,123216859.0043927,121340143.70619099,119194730.64462557,117923506.53225334,116756010.28958298,113461100.13622458,113250452.52223246,113695275.7593088,112564978.46462913,113888682.92786972,113412930.9869646,112877975.84551743,110856173.61986427,111875358.84916456,110754320.97527814,110378140.10651056,111411298.42852259,111734557.81144166,111645035.82175036,112661146.05488515,112814713.12398194,117706457.33953345,119451755.65333924,119412285.42302747,116564127.26086707,117519830.03897102,121059374.8533319,124731519.28492682,132089125.4356641,128771162.81189312,129817459.41960147,130937211.3894855],"Bitmex":[1716802.074157,1670216.707122,1652497.393981,1671092.511121,1645150.149952,1644457.581113,1688757.95417,1685139.830474,1688821.96142,1618152.29654,1634066.023205,1610713.763137,1695634.841045,1704841.563711,1769610.98577,1742037.0223049999,1730254.01499,1679297.168722,1643402.8594799999,1706551.155466,1657934.191323,1648598.776546,1654083.211757,1675269.27259,1677577.587899,1680253.669248,1628428.1583439999,1641932.640385,1674193.907659,1679742.829673,1718186.677062,1748201.4032059999,1654658.653035,1618470.024073,1618797.059254,1699641.328977,1673549.249421,1528377.854747,1611135.813012,1511604.037657,1524790.197457,1488108.81025,1434869.044973,1444292.02775,1430755.013521,1412921.776034,1456446.907988,1461149.4511509999,1454972.80801,1443082.5945279999,1431990.838204,1436693.631666,1425159.901834,1444150.391811,1442193.023042,1438363.654266,1440879.511082,1428555.142825,1453758.188778,1507198.494197,1473172.535931,1413598.6159629999,1398490.584707,1326610.787785,1291047.778353,1305790.492024,1290488.902675,1289260.769311,1324006.932312,1348273.028493,1324081.719881,1318701.48372,1322957.355441,1321962.728126,1323090.189927,1330827.0739199999,1327974.041903,1320526.27987,1312224.239195,1313841.487514,1317658.353964,1289013.1298759999,1302317.324765,1303722.406459,1292612.971526,1281261.840874,1297159.769148,1305827.166766,1289137.90866,1289137.90866,1270650.966564,1269571.383023,1303331.790491,1282346.7495859999,1249220.422916,1253104.408699,1238969.42414,1234905.150056,1214801.999205,1208178.405803,1204945.442914,1194137.725604,1194398.128132,1187309.523924,1190551.933391,1207476.328296,1229124.415317,1212777.436177,1222028.5564899999,1219725.140851,1240406.13996,1246080.769632,1231679.0245379999,1219960.707234,1248493.017396,1201984.2577509999,1223316.170734,1214030.51921,1253413.530338,1255277.994577,1256909.953729],"Bybit":[null,null,null,null,null,null,null,null,null,null,null,null,null,null,null,null,null,null,null,null,null,null,null,null,null,null,null,null,null,null,null,null,null,null,null,null,null,null,null,null,null,null,null,null,null,null,null,null,null,null,null,null,null,null,null,null,null,null,null,null,null,null,null,null,null,null,null,null,null,null,null,null,null,null,null,null,null,null,null,null,null,null,null,null,null,null,null,null,null,null,null,null,null,null,null,null,null,null,null,null,null,null,null,null,null,null,null,null,null,null,null,null,null,null,null,null,null,null,null,null,null],"CME":[null,null,null,null,null,null,null,null,null,null,null,null,null,null,null,null,null,null,null,null,null,null,null,null,null,null,null,null,null,null,null,null,null,null,null,null,null,null,null,null,null,null,null,null,null,null,null,null,null,null,null,null,null,null,null,null,null,null,null,null,null,null,null,null,null,null,null,null,null,null,null,null,null,null,null,null,null,null,null,null,null,null,null,null,null,null,null,null,null,null,null,null,null,null,null,null,null,null,null,null,null,null,null,null,null,null,null,null,null,null,null,null,null,null,null,null,null,null,null,null,null],"Deribit":[null,null,null,null,null,null,null,null,null,null,null,null,null,null,null,null,null,null,null,null,null,null,null,null,null,null,null,null,null,null,null,null,null,null,null,null,null,null,null,null,null,null,null,null,null,null,null,null,null,null,null,null,null,null,null,null,null,null,null,null,null,null,null,null,null,null,null,null,null,null,null,null,null,null,null,null,null,null,null,null,null,null,null,null,null,null,null,null,null,null,null,null,null,null,null,null,null,null,null,null,null,null,null,null,null,null,null,null,null,null,null,null,null,null,null,null,null,null,null,null,null],